উপজেলা,ক্যাটাগরি,নাম,ঠিকানা,ফোন,নোট,দেখাবে?
জাতীয়,হটলাইন,জাতীয় জরুরি সেবা,সারা দেশ,999,"পুলিশ, ফায়ার সার্ভিস ও অ্যাম্বুলেন্সসহ যেকোনো জরুরি সাহায্যে। যেকোনো ফোন থেকে বিনা মূল্যে।",হ্যাঁ
জাতীয়,হটলাইন,ফায়ার সার্ভিস ও সিভিল ডিফেন্স হটলাইন,সারা দেশ,102,অগ্নিকাণ্ড ও উদ্ধারের জরুরি হটলাইন।,হ্যাঁ
জাতীয়,হটলাইন,স্বাস্থ্য বাতায়ন,সারা দেশ,16263,"স্বাস্থ্য বিষয়ক পরামর্শ ও সেবা, দিনরাত ২৪ ঘণ্টা।",হ্যাঁ
জাতীয়,হটলাইন,নারী ও শিশু নির্যাতন প্রতিরোধ,সারা দেশ,109,নারী ও শিশু নির্যাতন বা পাচারের ঘটনায় সাহায্যের জন্য।,হ্যাঁ
জাতীয়,হটলাইন,শিশু সহায়তা (চাইল্ড হেল্পলাইন),সারা দেশ,1098,শিশু নির্যাতনসহ শিশুর যেকোনো সমস্যায় সাহায্যের জন্য।,হ্যাঁ
জাতীয়,হটলাইন,সরকারি আইনি সহায়তা (লিগ্যাল এইড),সারা দেশ,16699,"বিনা খরচে আইনি পরামর্শ, টোল ফ্রি। আগের নম্বর ১৬৪৩০ বদলে নতুন নম্বর এটি।",হ্যাঁ
জাতীয়,হটলাইন,দুর্যোগের আগাম বার্তা,সারা দেশ,1090,"ঘূর্ণিঝড়সহ দুর্যোগের আগাম বার্তা, টোল ফ্রি।",হ্যাঁ
জাতীয়,হটলাইন,সরকারি তথ্য ও সেবা,সারা দেশ,333,সরকারি সেবা ও তথ্য এবং দুর্যোগে জরুরি সহায়তা।,হ্যাঁ
জাতীয়,হটলাইন,দুর্নীতি দমন কমিশন (দুদক),সারা দেশ,106,দুর্নীতির অভিযোগ জানানোর হটলাইন।,হ্যাঁ
ভোলা সদর,ফায়ার সার্ভিস,ভোলা ফায়ার সার্ভিস ও সিভিল ডিফেন্স স্টেশন,"৮নং ওয়ার্ড, পৌরসভা, ভোলা",01901023975,ভোলা শহর ও আশপাশের এলাকা।,হ্যাঁ
ভোলা সদর,ফায়ার সার্ভিস,বরিশাল বিভাগীয় ফায়ার নিয়ন্ত্রণ কক্ষ,বরিশাল,01878001111,বিভাগীয় নিয়ন্ত্রণ কক্ষ।,হ্যাঁ
দৌলতখান,ফায়ার সার্ভিস,দৌলতখান ফায়ার স্টেশন,দৌলতখান,01901023983,,হ্যাঁ
দৌলতখান,ফায়ার সার্ভিস,দৌলতখান ফায়ার স্টেশন (বিকল্প নম্বর),দৌলতখান,01797005480,,হ্যাঁ
বোরহানউদ্দিন,ফায়ার সার্ভিস,বোরহানউদ্দিন ফায়ার স্টেশন,বোরহানউদ্দিন,01901023979,,হ্যাঁ
লালমোহন,ফায়ার সার্ভিস,লালমোহন ফায়ার স্টেশন,লালমোহন,01901023985,,হ্যাঁ
তজুমদ্দিন,ফায়ার সার্ভিস,তজুমদ্দিন ফায়ার স্টেশন,তজুমদ্দিন,01901023989,,হ্যাঁ
চরফ্যাশন,ফায়ার সার্ভিস,চরফ্যাশন ফায়ার স্টেশন,চরফ্যাশন,01901023981,,হ্যাঁ
মনপুরা,ফায়ার সার্ভিস,মনপুরা ফায়ার স্টেশন,মনপুরা,01901023987,,হ্যাঁ
ভোলা সদর,পুলিশ,"জেলা পুলিশ সুপারের কার্যালয়, ভোলা",ভোলা,01794430002,জেলা পুলিশের প্রধান কার্যালয়। জরুরি অবস্থায় ৯৯৯ এ কল করুন।,হ্যাঁ
ভোলা সদর,হাসপাতাল,ভোলা ২৫০ শয্যা জেনারেল (সদর) হাসপাতাল,ভোলা সদর,,ফোন নম্বর যাচাই করে যোগ করা হবে। জরুরি প্রয়োজনে ৯৯৯ এ কল করুন।,হ্যাঁ
দৌলতখান,হাসপাতাল,দৌলতখান উপজেলা স্বাস্থ্য কমপ্লেক্স,দৌলতখান,,ফোন নম্বর যাচাই করে যোগ করা হবে। জরুরি প্রয়োজনে ৯৯৯ এ কল করুন।,হ্যাঁ
বোরহানউদ্দিন,হাসপাতাল,বোরহানউদ্দিন উপজেলা স্বাস্থ্য কমপ্লেক্স,বোরহানউদ্দিন,,ফোন নম্বর যাচাই করে যোগ করা হবে। জরুরি প্রয়োজনে ৯৯৯ এ কল করুন।,হ্যাঁ
লালমোহন,হাসপাতাল,লালমোহন উপজেলা স্বাস্থ্য কমপ্লেক্স,লালমোহন,,ফোন নম্বর যাচাই করে যোগ করা হবে। জরুরি প্রয়োজনে ৯৯৯ এ কল করুন।,হ্যাঁ
তজুমদ্দিন,হাসপাতাল,তজুমদ্দিন উপজেলা স্বাস্থ্য কমপ্লেক্স,তজুমদ্দিন,,ফোন নম্বর যাচাই করে যোগ করা হবে। জরুরি প্রয়োজনে ৯৯৯ এ কল করুন।,হ্যাঁ
চরফ্যাশন,হাসপাতাল,চরফ্যাশন উপজেলা স্বাস্থ্য কমপ্লেক্স,চরফ্যাশন,,ফোন নম্বর যাচাই করে যোগ করা হবে। জরুরি প্রয়োজনে ৯৯৯ এ কল করুন।,হ্যাঁ
মনপুরা,হাসপাতাল,মনপুরা উপজেলা স্বাস্থ্য কমপ্লেক্স,মনপুরা,,ফোন নম্বর যাচাই করে যোগ করা হবে। জরুরি প্রয়োজনে ৯৯৯ এ কল করুন।,হ্যাঁ
ভোলা সদর,ভ্রমণের স্থান,তুলাতুলি,ভোলা শহর সংলগ্ন নদীপাড়,,ভোলা শহরের কাছের নদীপাড়ের পর্যটন এলাকা।,হ্যাঁ
ভোলা সদর,ভ্রমণের স্থান,ইলিশবাড়ি,ভোলা শহর সংলগ্ন নদীপাড়,,ভোলা শহরের কাছের নদীপাড়ের পর্যটন এলাকা।,হ্যাঁ
ভোলা সদর,ভ্রমণের স্থান,ইলিশা,ভোলা শহর সংলগ্ন নদীপাড়,,ভোলা শহরের কাছের নদীপাড়ের পর্যটন এলাকা।,হ্যাঁ
বোরহানউদ্দিন,ভ্রমণের স্থান,বোরহানউদ্দিন ইকোপার্ক,বোরহানউদ্দিন,,তেঁতুলিয়া নদী ও সবুজ প্রকৃতিঘেরা পার্ক।,হ্যাঁ
চরফ্যাশন,ভ্রমণের স্থান,চর কুকরি-মুকরি,চরফ্যাশন,,"বঙ্গোপসাগরের কোলের চর, ভোলার মিনি সুন্দরবন নামে পরিচিত। সবুজ বন, হরিণ, বানর, শীতে অতিথি পাখি, সূর্যোদয়-সূর্যাস্ত ও ক্যাম্পিংয়ের সুযোগ।",হ্যাঁ
চরফ্যাশন,ভ্রমণের স্থান,জ্যাকব টাওয়ার,চরফ্যাশন,,চরফ্যাশনের জনপ্রিয় পর্যটন আকর্ষণ।,হ্যাঁ
চরফ্যাশন,ভ্রমণের স্থান,তারুয়া সৈকত,চরফ্যাশন,,চরফ্যাশনের সমুদ্রসৈকত।,হ্যাঁ
চরফ্যাশন,ভ্রমণের স্থান,ঢালচর,চরফ্যাশন,,চরফ্যাশনের পর্যটন স্পট।,হ্যাঁ
চরফ্যাশন,ভ্রমণের স্থান,খেজুরগাছিয়া,চরফ্যাশন,,চরফ্যাশনের পর্যটন স্পট।,হ্যাঁ
চরফ্যাশন,ভ্রমণের স্থান,বেতুয়া,চরফ্যাশন,,চরফ্যাশনের পর্যটন স্পট।,হ্যাঁ
চরফ্যাশন,ভ্রমণের স্থান,শেখ রাসেল শিশু পার্ক,চরফ্যাশন,,শিশুদের পার্ক।,হ্যাঁ
মনপুরা,ভ্রমণের স্থান,মনপুরা দ্বীপ,মনপুরা,,"এক দিকে বঙ্গোপসাগর, তিন দিকে মেঘনা নদীঘেরা দ্বীপ। হরিণের অভয়ারণ্য, ম্যানগ্রোভ বন ও সমুদ্রসৈকত।",হ্যাঁ
