তারিখ,শেষ তারিখ,শিরোনাম,বার্তা,আইকন,নিশ্চিত?,দেখাবে?
2026-10-16,2026-10-20,শারদীয় দুর্গোৎসব,শুভ শারদীয় দুর্গোৎসব! ভোলার সকল সনাতন ধর্মাবলম্বী ভাইবোনকে জানাই আন্তরিক শুভেচ্ছা। উৎসব হোক আনন্দময় ও শান্তিপূর্ণ।,🪔,হ্যাঁ,হ্যাঁ
2026-10-21,,শুভ বিজয়া দশমী,"শুভ বিজয়া! সবার জীবনে শান্তি, সম্প্রীতি ও কল্যাণ বয়ে আনুক। একে অপরের পাশে থাকুন।",🪔,হ্যাঁ,হ্যাঁ
2026-11-08,,শ্যামাপূজা ও দীপাবলি (আনুমানিক),শুভ দীপাবলি! আলোর উৎসবে সবার ঘর ভরে উঠুক আনন্দে।,🪔,না,হ্যাঁ
2026-12-16,,মহান বিজয় দিবস,আজ মহান বিজয় দিবস। শ্রদ্ধা জানাই মুক্তিযুদ্ধের সকল শহীদ ও বীর মুক্তিযোদ্ধাদের।,🇧🇩,হ্যাঁ,হ্যাঁ
2026-12-25,,শুভ বড়দিন,শুভ বড়দিন! ভোলার খ্রিস্টান ভাইবোনদের জানাই আন্তরিক শুভেচ্ছা। শান্তি ও ভালোবাসায় ভরে উঠুক সবার জীবন।,🎄,হ্যাঁ,হ্যাঁ
2027-02-09,,রমজানের শুরু (আনুমানিক),"মাহে রমজানের শুভেচ্ছা। রমজান হোক সংযম, ধৈর্য ও কল্যাণের মাস।",🌙,না,হ্যাঁ
2027-02-21,,মহান শহীদ দিবস ও আন্তর্জাতিক মাতৃভাষা দিবস,ভাষা শহীদদের প্রতি গভীর শ্রদ্ধা। আমাদের প্রাণের ভাষা বাংলা আমাদের গর্ব।,🕊️,হ্যাঁ,হ্যাঁ
2027-03-10,,ঈদুল ফিতর (আনুমানিক),ঈদ মোবারক! ভোলাবাসী সবাইকে ঈদের শুভেচ্ছা। ঈদে লঞ্চ বা নৌপথে ভ্রমণে লাইফ জ্যাকেট সঙ্গে রাখুন এবং ভিড়ে সতর্ক থাকুন।,🌙,না,হ্যাঁ
2027-03-26,,মহান স্বাধীনতা দিবস,আজ মহান স্বাধীনতা দিবস। স্বাধীনতার সকল শহীদ ও বীরদের প্রতি গভীর শ্রদ্ধা।,🇧🇩,হ্যাঁ,হ্যাঁ
2027-04-14,,পহেলা বৈশাখ,"শুভ নববর্ষ ১৪৩৪! নতুন বছর সবার জীবনে সুখ, শান্তি ও সমৃদ্ধি বয়ে আনুক।",🌸,হ্যাঁ,হ্যাঁ
2027-05-01,,মহান মে দিবস,আজ মহান মে দিবস। দেশের সকল শ্রমজীবী মানুষের প্রতি শ্রদ্ধা ও শুভেচ্ছা।,🛠️,হ্যাঁ,হ্যাঁ
2027-05-17,,ঈদুল আজহা (আনুমানিক),ঈদ মোবারক! ঈদুল আজহার শুভেচ্ছা। ত্যাগের এই উৎসবে প্রতিবেশী ও অসহায়ের পাশে দাঁড়াই। নৌপথে ভ্রমণে লাইফ জ্যাকেট সঙ্গে রাখুন।,🌙,না,হ্যাঁ
2027-05-20,,বুদ্ধ পূর্ণিমা (আনুমানিক),শুভ বুদ্ধ পূর্ণিমা! বৌদ্ধ ধর্মাবলম্বী ভাইবোনদের জানাই আন্তরিক শুভেচ্ছা। শান্তি ও মৈত্রী ছড়িয়ে পড়ুক সবখানে।,🪷,না,হ্যাঁ
